{"cameraMode":{"drawMode":0,"name":"Shaded","section":"Shading Mode"},"sceneLighting":true,"audioPlay":false,"sceneViewState":{"m_AlwaysRefresh":false,"showFog":true,"showSkybox":true,"showFlares":true,"showImageEffects":true,"showParticleSystems":true,"showVisualEffectGraphs":true,"m_FxEnabled":true},"in2DMode":false,"pivot":{"x":-4.066054821014404,"y":2.8107798099517824,"z":-2.8003780841827394},"rotation":{"x":-0.16495415568351746,"y":-0.07596512883901596,"z":0.012743506580591202,"w":-0.9832909107208252},"size":6.936153411865234,"orthographic":false}